relevance_score,title,organization,url,tags,matching_keywords
207,ANALYSE DES MARCHÉS DES TECHNOLOGIES DANS LES TÉLÉCOMMUNICATIONS DE 2000 À 2025 ,sarl 1.0 acola Groupe Bisatel,https://www.data.gouv.fr/datasets/analyse-des-marches-des-technologies-dans-les-telecommunications-de-2000-a-2025,"analyse,operateur-mobile,operateurs-internet,technologies,telecom,telecommunication","industriel, infrastructure, ca, entreprise, loi, industrie, international, ia, réseau, transformation, commercial, tech, performance, entreprises, financement, internet, marque, financier, technologie, cloud, telecommunication, activité, aide, norme, import, digital, marché, secteur, travail, standard, fibre, économique, innovation, data, investissement, levée, connectivité, croissance, données, numérique, développement, formation, économie, télécommunication"
195,Lauréats I-LAB Concours national d'aide à la création d'entreprises de technologies innovantes,"Ministère de l'Enseignement supérieur, de la Recherche et de l'Espace",https://www.data.gouv.fr/datasets/laureats-i-lab-concours-national-daide-a-la-creation-dentreprises-de-technologies-innovantes-1,"administration-gouvernement-finances-publiques-citoyennete,economie-business-pme-developpement-economique-emploi,education-formation-recherche-enseignement,entreprendre,entrepreneuriat,entreprise,entreprises,entreprises-innovantes,i-lab,ilab,innovation,region,regions,scanr,start-up","ca, entreprise, loi, ia, entrepreneur, tech, entreprises, recherche, résultat, technologie, business, cadre, aide, economie, economique, entrepreneuriat, économique, usine, emploi, innovation, innovant, développement, start-up, formation, pme"
175,Lauréates et lauréats du prix PÉPITE-Tremplin pour l’Entrepreneuriat Étudiant,"Ministère de l'Enseignement supérieur, de la Recherche et de l'Espace",https://www.data.gouv.fr/datasets/laureates-et-laureats-du-prix-pepite-tremplin-pour-lentrepreneuriat-etudiant,"academie,academies,departement,departements,donnees-sexuees,economie-business-pme-developpement-economique-emploi,education-formation-recherche-enseignement,entreprendre,entrepreneuriat,entreprise,entreprises,entreprises-innovantes,etudiant,etudiants,innovation,laureat,laureates,laureats,pepite,pme,prix,prix-pepite-tremplin-pour-lentrepreneuriat-etudiant,region,regions,siren,sirene,siret","entreprise, ca, loi, sirene, ia, entrepreneur, tech, entreprises, recherche, technologie, business, activité, aide, economie, siren, economique, entrepreneuriat, usine, emploi, innovation, innovant, données, siret, formation, pme"
163,Entreprises lauréates Innov’up Leader PIA,Région Île-de-France,https://www.data.gouv.fr/datasets/entreprises-laureates-innovup-leader-pia,"agriculture,artisanat,commerce,culture,developpement-durable,education,entreprises,eti,handicap,industrie,innovation,pme,sante,transport,vie-economique-innovation","infrastructure, ca, entreprise, loi, industrie, international, énergie, ia, réseau, tech, performance, entreprises, financement, subvention, internet, technologie, activité, aide, economique, marché, secteur, fintech, économique, biotech, investissement, innovation, data, innovant, numérique, développement, commerce, économie, pme"
155,Lauréats d'Occitanie I-LAB Concours national d'aide à la création d'entreprises de technologies innovantes,Région Occitanie / Pyrénées Méditerranée,https://www.data.gouv.fr/datasets/laureats-doccitanie-i-lab-concours-national-daide-a-la-creation-dentreprises-de-technologies-innovantes,"attractivite-et-innovation,coordonnees-geographiques,entreprendre,entrepreneuriat,entreprise,entreprises,entreprises-innovantes,geolocalisation,i-lab,ilab,innovation,region,regions,scanr,start-up","ca, entreprise, loi, ia, entrepreneur, tech, entreprises, recherche, résultat, technologie, cadre, aide, entrepreneuriat, économique, innovation, innovant, développement, start-up, activite"
149,"Institutions partenaires des pôles étudiants pour l'innovation, le transfert et l'entrepreneuriat (PEPITE)","Ministère de l'Enseignement supérieur, de la Recherche et de l'Espace",https://www.data.gouv.fr/datasets/institutions-partenaires-des-poles-etudiants-pour-linnovation-le-transfert-et-lentrepreneuriat-pepite,"academie,academies,adresses-postales,commune,communes,coordonnees-geographiques,departement,departements,economie-business-pme-developpement-economique-emploi,education-formation-recherche-enseignement,entrepreneuriat,etablissement,pepite,region,regions,reseaux-sociaux,sites-internet,uai,unite-urbaine,unites-urbaines,url","entrepreneuriat, business, ca, loi, ia, pôle, entrepreneur, données, economie, reseau, usine, emploi, innovation, formation, recherche, economique, internet, pme"
147,Les entreprises isséennes membres de Cap Digital,Ville d'Issy-les-Moulineaux,https://www.data.gouv.fr/datasets/les-entreprises-isseennes-membres-de-cap-digital-1,"business,cap-digital,developpement-economique,economie,emploi,entreprises,innovation,numerique,pme","ca, entreprise, loi, compétitivité, pôle, transformation, numerique, entreprises, recherche, business, economie, economique, digital, usine, emploi, innovation, data, données, numérique, formation, pole, pme"
146,Registre du commerce et des sociétés - Statistiques Radiations en 2018 - Loiret,Orléans Métropole,https://www.data.gouv.fr/datasets/registre-du-commerce-et-des-societes-statistiques-radiations-en-2018-loiret,"economie-business-pme-developpement-economique-emploi,greffes,radiations,rcs,registre-commerce-et-societe,statistiques","business, entreprise, societe, loi, statistique, commerce, ia, registre, société, economie, rcs, usine, emploi, entreprises, pme, economique, marque"
146,Registre du commerce et des sociétés - Statistiques Radiations en 2017 - Loiret,Orléans Métropole,https://www.data.gouv.fr/datasets/registre-du-commerce-et-des-societes-statistiques-radiations-en-2017-loiret,"economie-business-pme-developpement-economique-emploi,greffes,radiations,rcs,registre-commerce-et-des-societes,statistiques","business, entreprise, societe, loi, statistique, commerce, ia, registre, société, economie, rcs, usine, emploi, entreprises, pme, economique, marque"
146,Insertion professionnelle des diplômés de Diplôme universitaire de technologie (DUT) en universités et établissements assimilés - données nationales par disciplines détaillées – Enquête insertion professionnelle,"Ministère de l'Enseignement supérieur, de la Recherche et de l'Espace",https://www.data.gouv.fr/datasets/insertion-professionnelle-des-diplomes-de-diplome-universitaire-de-technologie-dut-en-universites-et-etablissements-assimiles-donnees-nationales-par-disciplines-detaillees-enquete-insertion-professionnelle,"boursier,boursiers,cadre,cdi,diplome,diplomes,donnees-sexuees,dut,economie-business-pme-developpement-economique-emploi,education-formation-recherche-enseignement,emploi,enquete-insertion-professionnelle,etablissements,insertion,insertion-professionnelle,parite,salaire,statistiques,taux-de-chomage,universite,universites","ca, loi, ia, tech, salaire, recherche, résultat, technologie, indicateur, statistique, business, cadre, economie, economique, marché, cadres, secteur, travail, usine, emploi, données, formation, pme"
144,"Base Sirene des entreprises et de leurs établissements (SIREN, SIRET)",Institut national de la statistique et des études économiques (Insee),https://www.data.gouv.fr/datasets/base-sirene-des-entreprises-et-de-leurs-etablissements-siren-siret,"association,companies,entreprises,entreprises-et-propriete-dentreprises,etablissements,hvd,register,registre,repertoire,siren,sirene,siret","ca, entreprise, loi, sirene, ia, entrepreneur, entreprises, registre, activité, siren, répertoire, emploi, repertoire, data, activite, export, données, commerce, siret, formation"
143,"Les recrutements externes et départs définitifs des personnels permanents de niveau chercheur au sein des principaux organismes publics de recherche, par discipline d’activité de recherche, corps/catégorie de personnel","Ministère de l'Enseignement supérieur, de la Recherche et de l'Espace",https://www.data.gouv.fr/datasets/les-recrutements-externes-et-departs-definitifs-des-personnels-permanents-de-niveau-chercheur-au-sein-des-principaux-organismes-publics-de-recherche-par-discipline-dactivite-de-recherche-corps-categorie-de-personnel,"charges-de-recherche,chercheurs,contrats,cr,directeurs-de-recherche,dr,education-formation-recherche-enseignement,emploi-scientifique,emplois-de-r-d,epst,etablissements-a-caractere-industriel-et-commercial,etablissements-publics-a-caractere-scientifique-et-technologique,fondations-reconnues-dutilite-publique,frup,institutions-sans-but-lucratif,isbl,organismes,permanents,personne-physique,personnel-de-soutien,personnels,r-d,recrutement,statut,tableau-de-bord-avance,tbes,type-de-contrat","recrutement, industriel, ca, loi, cadres, industrie, ia, activité, cadre, transformation, données, commercial, tech, emploi, formation, recherche"
141,Base Sirene v3 - Orléans Métropole – établissements actifs,Orléans Métropole,https://www.data.gouv.fr/datasets/base-sirene-v3-orleans-metropole-etablissements-actifs,"business,developpement-economique,economie,emploi,entreprises,etablissements,legale,pme,referentiels,siren,sirene,siret","entreprise, ca, loi, sirene, ia, commercial, entreprises, business, statistique, aide, economie, siren, répertoire, economique, économique, usine, emploi, data, données, commerce, siret, formation, pole, pme"
139,[Archive] Les moyens consacrés à la R&D : Les entreprises par branche d'activité,"Ministère de l'Enseignement supérieur, de la Recherche et de l'Espace",https://www.data.gouv.fr/datasets/archive-les-moyens-consacres-a-la-r-d-les-entreprises-par-branche-dactivite,"branche-dactivite,developpement,economie-business-pme-developpement-economique-emploi,education-formation-recherche-enseignement,entreprise,entreprises,moyens-financiers,moyens-humains,personnels,r-d,recherche,region,regions,statistiques","entreprise, ca, loi, entreprises, recherche, financier, business, statistique, r&d, activité, economie, economique, usine, emploi, data, données, développement, activite, formation, pme"
138,Base Sirene v3 - Orléans Métropole,Orléans Métropole,https://www.data.gouv.fr/datasets/base-sirene-v3-orleans-metropole,"business,developpement-economique,economie,emploi,entreprises,etablissements,legale,pme,referentiels,siren,sirene,siret","ca, entreprise, loi, sirene, ia, commercial, entreprises, business, statistique, aide, economie, siren, répertoire, economique, économique, usine, emploi, données, commerce, siret, formation, pole, pme"
138,Données des Points Techniques avec identifiant du propriétaire et du gestionnaire en phase DOE sur les opérations Collecte dans le cadre du déploiement de la Fibre Optique,Syndicat Mixte Ouvert Provence-Alpes-Cote d'Azur Très Haut Débit - SMO SUD THD,https://www.data.gouv.fr/datasets/smo-col-doe-ptech20190701,"ant,chambre,collecte,fibre-optique,gracethd,poteau,rip","infrastructure, ca, entreprise, loi, ia, réseau, propriété, tech, résultat, technologie, activité, cadre, siren, secteur, standard, fibre, levée, export, données, siret, formation"
134,Les moyens consacrés à la R&D : Les entreprises par intensité technologique,"Ministère de l'Enseignement supérieur, de la Recherche et de l'Espace",https://www.data.gouv.fr/datasets/les-moyens-consacres-a-la-r-d-les-entreprises-par-intensite-technologique-1,"developpement,economie-business-pme-developpement-economique-emploi,education-formation-recherche-enseignement,entreprise,entreprises,intensite-technologique,moyens-financiers,moyens-humains,personnels,r-d,recherche,region,regions","financier, formation, business, entreprise, ca, loi, r&d, données, tech, economie, développement, usine, emploi, entreprises, data, recherche, economique, pme"
134,Indicateur France Très Haut Débit - État des déploiements de la fibre optique et décommissionnement du cuivre,Agence nationale de la cohésion des territoires,https://www.data.gouv.fr/datasets/indicateur-france-tres-haut-debit-etat-des-deploiements-de-la-fibre-optique-et-decommissionnement-du-cuivre,"acces-internet,amel,amii,fermeture-reseau,fibre-optique,ftth,infrastructures,reseau-cuivre,rip-reseau-dinitiative-publique,ztd","infrastructure, ca, entreprise, loi, ia, réseau, commercial, tech, entreprises, internet, technologie, indicateur, cadre, marche, import, incubateur, travail, haut-debit, fibre, investissement, data, données, numérique, reseau, pole"
133,Base Sirene des entreprises et de leurs établissements,Région Île-de-France,https://www.data.gouv.fr/datasets/base-sirene-des-entreprises-et-de-leurs-etablissements,"economie,entreprises,geolocalisation,vie-economique-innovation","industriel, ca, entreprise, loi, sirene, industrie, ia, commercial, entreprises, statistique, registre, activité, aide, economie, siren, répertoire, economique, secteur, économique, innovation, données, commerce, siret, formation"
131,BDTOPO© - Points d'activité ou d'intérêt industriel ou commercial pour le département du Loiret,,https://www.data.gouv.fr/datasets/bdtopo-c-points-dactivite-ou-dinteret-industriel-ou-commercial-pour-le-departement-du-loiret,"administration,altitude,aspects-militaires,batiments,bdtopo-c-45-loiret,demographie,denominations-geographiques,eau,energie,geographie,hydrographie,industrie,information,installations-agricoles-et-aquacoles,lieux-de-production-et-sites-industriels,loiret,occupation-des-terres,referentiels-de-coordonnees,repartition-de-la-population,repartition-de-la-population-demographie,reseaux-de-transport,services-dutilite-publique-et-services-publics,services-dutilite-publique-et-services-publiques,sols,transport,unites-administratives,usage-des-sols","production, marché, industriel, infrastructure, energie, loi, industrie, ia, énergie, activité, réseau, numérique, commercial, reseau, activite, formation"
131,BDTOPO© - Points d'activité ou d'intérêt industriel ou commercial pour le département de l'Eure-et-Loir,,https://www.data.gouv.fr/datasets/bdtopo-c-points-dactivite-ou-dinteret-industriel-ou-commercial-pour-le-departement-de-leure-et-loir,"administration,altitude,aspects-militaires,batiments,bdtopo-c-28-eure-et-loir,demographie,denominations-geographiques,eau,energie,eure-et-loir,geographie,hydrographie,industrie,information,installations-agricoles-et-aquacoles,lieux-de-production-et-sites-industriels,occupation-des-terres,referentiels-de-coordonnees,repartition-de-la-population,repartition-de-la-population-demographie,reseaux-de-transport,services-dutilite-publique-et-services-publics,services-dutilite-publique-et-services-publiques,sols,transport,unites-administratives,usage-des-sols","production, marché, industriel, infrastructure, energie, loi, industrie, ia, énergie, activité, réseau, numérique, commercial, reseau, activite, formation"
131,BDTOPO© - Points d'activité ou d'intérêt industriel ou commercial pour le département du Loir-et-Cher,,https://www.data.gouv.fr/datasets/bdtopo-c-points-dactivite-ou-dinteret-industriel-ou-commercial-pour-le-departement-du-loir-et-cher,"administration,altitude,aspects-militaires,batiments,bdtopo-c-41-loir-et-cher,demographie,denominations-geographiques,eau,energie,geographie,hydrographie,industrie,information,installations-agricoles-et-aquacoles,lieux-de-production-et-sites-industriels,loir-et-cher,occupation-des-terres,referentiels-de-coordonnees,repartition-de-la-population,repartition-de-la-population-demographie,reseaux-de-transport,services-dutilite-publique-et-services-publics,services-dutilite-publique-et-services-publiques,sols,transport,unites-administratives,usage-des-sols","production, marché, industriel, infrastructure, energie, loi, industrie, ia, énergie, activité, réseau, numérique, commercial, reseau, activite, formation"
131,BDTOPO© - Point d'activité ou d'intérêt industriel ou commercial pour le département de l'Indre-et-Loire,,https://www.data.gouv.fr/datasets/bdtopo-c-point-dactivite-ou-dinteret-industriel-ou-commercial-pour-le-departement-de-lindre-et-loire,"administration,altitude,aspects-militaires,batiments,bdtopo-c-37-indre-et-loire,demographie,denominations-geographiques,eau,energie,geographie,hydrographie,indre-et-loire,industrie,information,installations-agricoles-et-aquacoles,lieux-de-production-et-sites-industriels,occupation-des-terres,referentiels-de-coordonnees,repartition-de-la-population,repartition-de-la-population-demographie,reseaux-de-transport,services-dutilite-publique-et-services-publiques,sols,transport,unites-administratives,usage-des-sols","production, marché, industriel, infrastructure, energie, loi, industrie, ia, énergie, activité, réseau, numérique, commercial, reseau, activite, formation"
131,Base des entreprises et des établissements issue de la base Sirene V3 - Pays Basque,Plateforme Open Data ZABAL,https://www.data.gouv.fr/datasets/base-des-entreprises-et-des-etablissements-issue-de-la-base-sirene-v3-pays-basque,"agriculteur,agriculture,agriculture-et-economie,base,creation-entreprise,exploitant,exploitation,immatriculation,peche,siren,sirene,siret,transformation-agroalimentaire","ca, entreprise, loi, sirene, ia, transformation, commercial, entreprises, recherche, statistique, aide, economie, siren, répertoire, économique, données, commerce, siret, formation"
131,Base SIRENE (Maine-et-Loire),Région des Pays de la Loire,https://www.data.gouv.fr/datasets/base-sirene-maine-et-loire-1,"associations,economie-europe,entreprises,siren,sirene,siret","industriel, ca, entreprise, loi, sirene, industrie, ia, commercial, entreprises, statistique, registre, activité, aide, economie, siren, répertoire, secteur, économique, data, données, commerce, siret, formation"
131,Economie - Base SIRENE-GP,Grand Poitiers Open Data,https://www.data.gouv.fr/datasets/economie-base-sirene-gp,"business,developpement-economique,economie,emploi,pme","industriel, ca, entreprise, loi, sirene, industrie, ia, commercial, entreprises, business, statistique, registre, activité, aide, economie, siren, répertoire, economique, secteur, économique, usine, emploi, data, données, commerce, siret, formation, pme"
130,Référentiel Structure de la plateforme Services Publics Plus de la DITP,Direction Interministérielle de la Transformation Publique,https://www.data.gouv.fr/datasets/referentiel-structure-de-la-plateforme-services-publics-plus-de-la-ditp,"action-publique,ademe,administration,administration-centrale-du-ministere-de-la-culture,administration-territoriale-de-letat,agence-de-services-et-de-paiement-asp,agence-nationale-pour-lamelioration-des-conditions-de-travail-anact,agent,agents,agirc-arrco,anah,anct,ants,autres-directions-et-services-actifs-de-la-dgpn,bureau-de-la-communication-et-de-laccueil-des-publics,caisse-nationale-des-allocations-familiales,caisse-nationale-militaire-de-securite-sociale,caisse-regionale-urssaf,carsat,ccmsa,ccsp,central,circonscription-de-securite-de-proximite,circonscription-de-securite-publique,cnaf,cnam,cnav,cnous,collectivites-territoriales-communes,collectivites-territoriales-departements,commandement-de-la-gendarmerie-outre-mer,conseils-departementaux-de-lacces-au-droit,cour-dappel,cre-pe-dtd-sce-des-plateformes-nord,de-lemploi-et-de-linsertion,de-sciences-politiques-et-de-gestion-faculte-de-geographie-et-damenagement-faculte-de-medecine,delegation-interregionale,dg-onacvg,dgccrf,dgddi,dgec,dgfip,dggn,dir-dept-finances-publiques,dir-region-finances-publiques,direction-centrale-de-la-securite-publique,direction-de-la-protection-judiciaire-de-la-jeunesse,direction-de-la-securite-de-proximite-de-lagglomeration-parisienne,direction-de-ladministration-penitentiaire,direction-de-linformation-legale-et-administration-publique-dila,direction-departementale-de-la-securite-publique,direction-des-affaires-criminelles-et-des-graces,direction-des-francais-letranger-et-de-ladministration-consulaire,direction-des-services-judiciaires,direction-du-service-national-et-de-la-jeunesse,direction-generale-de-linsee,direction-generale-des-douanes-et-droits-indirects,direction-generale-pe,direction-interministerielle-de-la-transformation-publique,direction-interministerielle-de-transformation-publique,direction-interministerielle-du-numerique-dinum,direction-interregionale-de-la-protection-judiciaire-de-la-jeunesse,direction-interregionale-des-services-penitentiaires,direction-interregionale-di,direction-nationale-du-recrutement-et-de-la-formation-professionnelle-dnrfp,direction-nationale-urssaf,direction-regionale-dr,direction-territoriale-de-securite-de-proximite,direction-zonale-de-la-securite-publique,ditp,division,division-de-securite-publique,donnees-referentiels,dr-pole-emploi,droit,dsnj,dt-pole-emploi,du-travail-et-des-solidarites-de-charente-maritime-direction-departementale-de-lemploi,du-travail-et-des-solidarites-de-cote-dor-direction-departementale-de-lemploi,du-travail-et-des-solidarites-de-la-drome-direction-departementale-de-lemploi,du-travail-et-des-solidarites-de-la-gironde-direction-departementale-de-lemploi,du-travail-et-des-solidarites-de-la-haute-garonne-direction-departementale-de-lemploi,du-travail-et-des-solidarites-de-la-haute-savoie-direction-departementale-de-lemploi,du-travail-et-des-solidarites-de-la-loire-atlantique-direction-departementale-de-lemploi,du-travail-et-des-solidarites-de-la-loire-direction-departementale-de-lemploi,du-travail-et-des-solidarites-de-la-maine-et-loire-direction-departementale-de-lemploi,du-travail-et-des-solidarites-de-la-manche-direction-departementale-de-lemploi,du-travail-et-des-solidarites-de-la-meurthe-et-moselle-direction-departementale-de-lemploi,du-travail-et-des-solidarites-de-la-moselle-direction-departementale-de-lemploi,du-travail-et-des-solidarites-de-la-saone-et-loire-direction-departementale-de-lemploi,du-travail-et-des-solidarites-de-la-sarthe-direction-departementale-de-lemploi,du-travail-et-des-solidarites-de-la-seine-et-marne-direction-departementale-de-lemploi,du-travail-et-des-solidarites-de-la-seine-maritime-direction-departementale-de-lemploi,du-travail-et-des-solidarites-de-la-somme-direction-departementale-de-lemploi,du-travail-et-des-solidarites-de-la-vendee-direction-departementale-de-lemploi,du-travail-et-des-solidarites-de-la-vienne-direction-departementale-de-lemploi,du-travail-et-des-solidarites-de-lain-direction-departementale-de-lemploi,du-travail-et-des-solidarites-de-laisne-direction-departementale-de-lemploi,du-travail-et-des-solidarites-de-leure-direction-departementale-de-lemploi,du-travail-et-des-solidarites-de-lherault-direction-departementale-de-lemploi,du-travail-et-des-solidarites-de-lille-et-vilaine-direction-departementale-de-lemploi,du-travail-et-des-solidarites-de-lindre-et-loire-direction-departementale-de-lemploi,du-travail-et-des-solidarites-de-lisere-direction-departementale-de-lemploi,du-travail-et-des-solidarites-de-loise-direction-departementale-de-lemploi,du-travail-et-des-solidarites-des-alpes-maritimes-direction-departementale-de-lemploi,du-travail-et-des-solidarites-des-bouches-du-rhone-direction-departementale-de-lemploi,du-travail-et-des-solidarites-des-cotes-darmor-direction-departementale-de-lemploi,du-travail-et-des-solidarites-des-pyrenees-atlantiques-direction-departementale-de-lemploi,du-travail-et-des-solidarites-des-pyrenees-orientales-direction-departementale-de-lemploi,du-travail-et-des-solidarites-des-yvelines-direction-departementale-de-lemploi,du-travail-et-des-solidarites-du-bas-rhin-direction-departementale-de-lemploi,du-travail-et-des-solidarites-du-finistere-direction-departementale-de-lemploi,du-travail-et-des-solidarites-du-gard-direction-departementale-de-lemploi,du-travail-et-des-solidarites-du-loiret-direction-departementale-de-lemploi,du-travail-et-des-solidarites-du-morbihan-direction-departementale-de-lemploi,du-travail-et-des-solidarites-du-nord-direction-departementale-de-lemploi,du-travail-et-des-solidarites-du-pas-de-calais-direction-departementale-de-lemploi,du-travail-et-des-solidarites-du-puy-de-dome-direction-departementale-de-lemploi,du-travail-et-des-solidarites-du-rhone-direction-departementale-de-lemploi,du-travail-et-des-solidarites-du-val-doise-direction-departementale-de-lemploi,du-travail-et-des-solidarites-du-var-direction-departementale-de-lemploi,du-travail-et-des-solidarites-du-vaucluse-direction-departementale-de-lemploi,du-travail-et-des-solidarites-ducalvados-direction-departementale-de-lemploi,economie,est,etablissement-du-service-national-et-de-la-jeunesse,etablissement-francais-du-sang,ets,experience-usager,experiences-usagers,fonction-publique,france-services,gendarmerie-nationale,hors-structures,inpi-institut-national-de-la-propriete-industrielle,insee-ministere-de-lagriculture-et-de-lalimentation,interieur,interministeriel,les-crous,maprocuration-gouv-fr,marie-helene-lafon-bibliotheque-universitaire-lettres,mi-ate-departemental,mi-ate-national,mi-ate-regional,ministere-de-la-culture,ministere-de-la-justice,ministere-de-lagriculture-et-de-lalimentation,ministere-de-leurope-et-des-affaires-etrangeres-meae,ministere-du-travail,mission,mte-mctrct,mtfp,onacvg,organisme,partenaire,point-justice,pole-dorientation-des-controles-poc,pole-emploi,police-nationale,prefecture-de-police-de-paris,public,rectorat,referentiel-structure,region-de-gendarmerie,reseau,reseau-des-rectorats-et-dsden,reseau-hors-reseau,sadjav,secretariat-general-des-menjs-mesri-departement-de-la-modernisation,secretariat-general-du-ministere-de-la-justice,service-public-plus,services-de-documentation-des-universites-et-ecoles-de-lenseignement-superieur,services-numeriques-de-la-police-nationale,services-numeriques-du-ministere-de-linterieur,services-publics-plus,sous-direction-des-services-specialises,sous-direction-regionale-de-la-police-des-transports,spp,structure,structures,sud,territoire,territorial,tribunal-judiciaire,typologie,universite,universites-et-ecoles,urssaf,urssaf-caisse-nationale","industriel, ca, politique, loi, industrie, ia, réseau, transformation, numerique, recherche, internet, production, résultat, recrutement, indicateur, marche, reseau, economie, siren, travail, rh, emploi, data, données, inpi, siret, formation, pole"
130,"Les recrutements externes de personnels permanents de niveau chercheur au sein des principaux organismes publics de recherche, par groupe de nationalité, corps/catégorie de personnel","Ministère de l'Enseignement supérieur, de la Recherche et de l'Espace",https://www.data.gouv.fr/datasets/les-recrutements-externes-de-personnels-permanents-de-niveau-chercheur-au-sein-des-principaux-organismes-publics-de-recherche-par-groupe-de-nationalite-corps-categorie-de-personnel,"adjoints-techniques-de-la-recherche,ai,assistants-ingenieurs,at,charges-de-recherche,chercheurs,contractuel,contrats,cr,directeurs-de-recherche,doctorant,dr,education-formation-recherche-enseignement,emploi-scientifique,emplois-de-r-d,epst,equivalent-temps-plein,etablissements-a-caractere-industriel-et-commercial,etablissements-publics-a-caractere-scientifique-et-technologique,etp,fondations-reconnues-dutilite-publique,frup,ie,ingenieurs-de-recherche,ingenieurs-detudes,ingenieurs-et-personnels-techniques-de-la-recherche,institutions-sans-but-lucratif,ir,isbl,ita,nationalite,organismes,permanents,personne-physique,personnel-de-soutien,personnels,r-d,recrutement,statut,tableau-de-bord-avance,tbes,techniciens-de-la-recherche,type-de-contrat","recrutement, industriel, ca, loi, cadres, industrie, ia, cadre, transformation, données, commercial, tech, emploi, formation, recherche"
130,"Les recrutements et départs définitifs des personnels titulaires ou en CDI des principaux organismes publics de recherche, par sexe, statut, corps/catégorie de personnel","Ministère de l'Enseignement supérieur, de la Recherche et de l'Espace",https://www.data.gouv.fr/datasets/les-recrutements-et-departs-definitifs-des-personnels-titulaires-ou-en-cdi-des-principaux-organismes-publics-de-recherche-par-sexe-statut-corps-categorie-de-personnel,"adjoints-techniques-de-la-recherche,ai,assistants-ingenieurs,at,charges-de-recherche,chercheurs,contractuel,contrats,cr,directeurs-de-recherche,doctorant,dr,education-formation-recherche-enseignement,emploi-scientifique,emplois-de-r-d,epst,equivalent-temps-plein,etablissements-a-caractere-industriel-et-commercial,etablissements-publics-a-caractere-scientifique-et-technologique,etp,fondations-reconnues-dutilite-publique,frup,ie,ingenieurs-de-recherche,ingenieurs-detudes,ingenieurs-et-personnels-techniques-de-la-recherche,institutions-sans-but-lucratif,ir,isbl,ita,organismes,permanents,personne-physique,personnel-de-soutien,personnels,r-d,recrutement,statut,tableau-de-bord-avance,tbes,techniciens-de-la-recherche,type-de-contrat","recrutement, industriel, ca, loi, cadres, industrie, ia, cadre, transformation, données, commercial, tech, emploi, formation, recherche"
130,Lauréats du concours d'innovation i-Nov,"Ministère de l'Enseignement supérieur, de la Recherche et de l'Espace",https://www.data.gouv.fr/datasets/laureats-du-concours-dinnovation-i-nov,"award,commune,communes,concours,deeptech,economie-business-pme-developpement-economique-emploi,education-formation-recherche-enseignement,entreprise,entreprises,entreprises-innovantes,i-nov,innovation,inov,region,regions","entreprise, ca, loi, ia, tech, entreprises, recherche, résultat, business, economie, economique, usine, emploi, investissement, innovation, innovant, données, numérique, développement, start-up, formation, économie, pme"
129,Perspectives de l’emploi cadre - édition février 2022,Association Pour l'Emploi des Cadres,https://www.data.gouv.fr/datasets/perspectives-de-lemploi-cadre-edition-fevrier-2022,"apec,emploi,emploi-cadre,entreprises,marche-du-travail,recrutement,regions,secteurs","résultat, recrutement, entreprise, ca, loi, cadres, secteur, travail, activité, cadre, marche, données, économique, emploi, entreprises"
128,Base Sirene sur le périmètre de la Ville de Roubaix,Ville de Roubaix,https://www.data.gouv.fr/datasets/base-sirene-sur-le-perimetre-de-la-ville-de-roubaix,"economie-business-pme-developpement-economique-emploi,entreprises,etablissements,legale,siren,sirene,siret","ca, entreprise, loi, sirene, ia, commercial, entreprises, recherche, business, statistique, aide, economie, siren, répertoire, economique, économique, usine, emploi, données, commerce, siret, formation, pme"
127,Données des Cheminements avec identifiant du propriétaire et du gestionnaire en phase DOE dans le cadre des opérations de montée en Débit de Déploiement de la fibre optique.,Syndicat Mixte Ouvert Provence-Alpes-Cote d'Azur Très Haut Débit - SMO SUD THD,https://www.data.gouv.fr/datasets/smo-med-doe-chem-prop-gest,"ant,cable,cheminement,collecte,fibre-optique,gracethd,rip,trace","infrastructure, ca, entreprise, loi, ia, réseau, propriété, tech, résultat, activité, cadre, siren, secteur, standard, fibre, levée, données, siret, formation"
127,Données des Cheminements avec identifiant du propriétaire et du gestionnaire en phase DOE  dans le cadre des opérations de Déploiement de la fibre optique,Syndicat Mixte Ouvert Provence-Alpes-Cote d'Azur Très Haut Débit - SMO SUD THD,https://www.data.gouv.fr/datasets/smo-chem-prop-gest,"ant,cable,cheminement,collecte,fibre-optique,gracethd,rip,trace","infrastructure, ca, entreprise, loi, ia, réseau, propriété, tech, résultat, activité, cadre, siren, secteur, standard, fibre, levée, données, siret, formation"
127,Données des Cheminements avec identifiant du propriétaire et du gestionnaire en phase DOE dans le cadre des opérations FTTH de Déploiement de la fibre optique,Syndicat Mixte Ouvert Provence-Alpes-Cote d'Azur Très Haut Débit - SMO SUD THD,https://www.data.gouv.fr/datasets/smo-ftth-doe-chem-prop-gest,"ant,cable,cheminement,collecte,fibre-optique,ftth,gracethd,rip,trace","infrastructure, ca, entreprise, loi, ia, réseau, propriété, tech, résultat, activité, cadre, siren, secteur, standard, fibre, levée, données, siret, formation"
127,Données des Cheminements avec identifiant du propriétaire et du gestionnaire en phase DOE sur les opérations de Collecte dans le cadre des opérations de Déploiement de la fibre optique,Syndicat Mixte Ouvert Provence-Alpes-Cote d'Azur Très Haut Débit - SMO SUD THD,https://www.data.gouv.fr/datasets/smo-col-doe-chem-prop-gest,"ant,cable,cheminement,collecte,fibre-optique,gracethd,rip,trace","infrastructure, ca, entreprise, loi, ia, réseau, propriété, tech, résultat, activité, cadre, siren, secteur, standard, fibre, levée, données, siret, formation"
127,Structures de transfert et de valorisation,"Ministère de l'Enseignement supérieur, de la Recherche et de l'Espace",https://www.data.gouv.fr/datasets/structures-de-transfert-et-de-valorisation,"administration-gouvernement-finances-publiques-citoyennete,carnot,cdt,crt,economie-business-pme-developpement-economique-emploi,education-formation-recherche-enseignement,irt,pepite,pft,r-d,referentiel,reseaux-sociaux,satt,siret,sites-internet,transfert-de-technologie,url,valorisation,wikidata","ca, loi, ia, pôle, entrepreneur, tech, recherche, internet, technologie, business, activité, reseau, economie, economique, entrepreneuriat, incubateur, usine, emploi, innovation, data, société, données, développement, siret, formation, pme"
127,Base SIRENE des entreprises de Nantes Métropole,Nantes Métropole,https://www.data.gouv.fr/datasets/base-sirene-des-entreprises-de-nantes-metropole,"economie-europe,entreprise,insse,sirene","entreprise, ca, loi, sirene, ia, commercial, entreprises, marque, statistique, registre, activité, economie, siren, import, répertoire, économique, data, données, commerce, formation, pole"
126,Base SIRENE Toulouse Metropole,Région Occitanie / Pyrénées Méditerranée,https://www.data.gouv.fr/datasets/base-sirene-toulouse-metropole-1,"economie,entreprises,insee,siren,sirene,siret","industriel, ca, entreprise, loi, sirene, industrie, ia, commercial, entreprises, statistique, registre, activité, aide, economie, siren, répertoire, secteur, économique, données, commerce, siret, formation, pole"
126,Base SIRENE Toulouse Metropole,Toulouse métropole,https://www.data.gouv.fr/datasets/base-sirene-toulouse-metropole,"economie,entreprises,insee,siren,sirene,siret","industriel, ca, entreprise, loi, sirene, industrie, ia, commercial, entreprises, statistique, registre, activité, aide, economie, siren, répertoire, secteur, économique, données, commerce, siret, formation, pole"
126,Les brevets à l'INPI et l'OEB,Fleury-sur-Orne,https://www.data.gouv.fr/datasets/les-brevets-a-linpi-et-loeb,"domaine-technologique,economie-business-pme-developpement-economique-emploi,education-formation-recherche-enseignement,entreprises,organismes,recherche,siren,universite,universites","ca, entreprise, loi, international, ia, tech, entreprises, recherche, technologie, business, activité, cadre, economie, siren, economique, brevet, usine, emploi, innovation, données, inpi, formation, pme"
126,Les brevets français à l'INPI et l'OEB,"Ministère de l'Enseignement supérieur, de la Recherche et de l'Espace",https://www.data.gouv.fr/datasets/les-brevets-francais-a-linpi-et-loeb,"administration-gouvernement-finances-publiques-citoyennete,amenagement-du-territoire-urbanisme-batiments-equipements-logement,domaine-technologique,economie-business-pme-developpement-economique-emploi,education-formation-recherche-enseignement,entreprises,organismes,recherche,siren,universite,universites","ca, entreprise, loi, international, ia, tech, entreprises, recherche, technologie, business, activité, cadre, economie, siren, economique, brevet, usine, emploi, innovation, données, inpi, formation, pme"
126,Durée des phases d'instruction ARCEP licences telecoms en France,sarl 1.0 acola Groupe Bisatel,https://www.data.gouv.fr/datasets/duree-des-phases-dinstruction-arcep-licences-telecoms-en-france,,"industriel, infrastructure, ca, entreprise, capital, loi, industrie, international, ia, réseau, transformation, entrepreneur, commercial, tech, performance, directive, entreprises, recherche, internet, production, résultat, financier, technologie, indicateur, statistique, registre, cadre, activité, marche, réforme, reseau, startup, digital, marché, secteur, standard, data, données, numérique, formation, économie, télécommunication"
125,Base Sirene v3 - Ville d'Orléans,Orléans Métropole,https://www.data.gouv.fr/datasets/base-sirene-v3-ville-dorleans,"business,developpement-economique,economie,emploi,entreprises,etablissements,legale,pme,referentiels,siren,sirene,siret","ca, entreprise, loi, sirene, ia, commercial, entreprises, business, statistique, aide, economie, siren, répertoire, economique, économique, usine, emploi, données, commerce, siret, formation, pme"
125,Établissements publics et privés impliqués dans la recherche et développement,"Ministère de l'Enseignement supérieur, de la Recherche et de l'Espace",https://www.data.gouv.fr/datasets/etablissements-publics-et-prives-impliques-dans-la-recherche-et-developpement,"administration,administrations,adresses-postales,ape,atlas-des-brevets,commune,communes,departement,departements,developpement,economie-business-pme-developpement-economique-emploi,education-formation-recherche-enseignement,entreprise,entreprises,etablissements,innovation,r-d,recherche,recherche-publique,referentiel,region,regions,scanr,siren,siret,sites-internet,uai,unite-urbaine,unites-urbaines,wikidata","ca, entreprise, loi, entreprises, recherche, internet, business, economie, siren, economique, brevet, usine, emploi, innovation, data, données, développement, siret, formation, pme"
125,Lauréats I-LAB Concours national d'aide à la création d'entreprises de technologies innovantes,"Ministère de l'Enseignement supérieur, de la Recherche et de l'Espace",https://www.data.gouv.fr/datasets/laureats-i-lab-concours-national-daide-a-la-creation-dentreprises-de-technologies-innovantes,"creation-d-entreprises,entreprises,i-lab,ilab,innovation,siren","résultat, innovant, technologie, ca, entreprise, loi, entreprises, cadre, aide, tech, développement, siren, start-up, économique, innovation, recherche"
124,Aides aux entreprises dans le cadre de l'épidémie de COVID-19 en Région Centre-Val de Loire,,https://www.data.gouv.fr/datasets/aides-aux-entreprises-dans-le-cadre-de-lepidemie-de-covid-19-en-region-centre-val-de-loire,"coronavirus,covid19,economie-europe,entreprise,fonds,pme,solidarite,subvention,tpe","ca, entreprise, loi, sirene, ia, entrepreneur, entreprises, subvention, tpe, activité, cadre, aide, economie, siren, secteur, data, données, formation, pme"
124,Table contenant les assiettes linéaires liées aux servitudes de la catégorie PT3 (propriétés privées instituées au bénéfice des exploitants de réseaux de télécommunication) dans le Haut-Rhin,Direction Départementale des Territoires du Haut-Rhin (68),https://www.data.gouv.fr/datasets/table-contenant-les-assiettes-lineaires-liees-aux-servitudes-de-la-categorie-pt3-proprietes-privees-instituees-au-benefice-des-exploitants-de-reseaux-de-telecommunication-dans-le-haut-rhin,"amenagement,donnees-ouvertes,passerelle-inspire,planning-cadastre,propriete-privee,pt-3,reseau-de-telecommunication,servitude,sup,urbanisme","telecommunication, ca, entreprise, loi, ia, standard, réseau, rh, propriété, données, reseau, bénéfice, data, télécommunication, internet"
123,Base SIRENE Pays de la Loire,Région des Pays de la Loire,https://www.data.gouv.fr/datasets/base-sirene-pays-de-la-loire,"economie-europe,entreprises,insee,siren,sirene,siret","industriel, ca, entreprise, loi, sirene, industrie, ia, commercial, entreprises, statistique, registre, activité, aide, economie, siren, répertoire, secteur, économique, données, commerce, siret, formation"
123,Emplois au lieu de travail par secteur d'activités à Angers Loire Métropole en 2007 et 2012,Angers Loire Métropole,https://www.data.gouv.fr/datasets/emplois-au-lieu-de-travail-par-secteur-dactivites-a-angers-loire-metropole-en-2007-et-2012,"developpement-economique,economie,emploi,secteurs-dactivite","industriel, loi, secteur, industrie, ia, travail, commerce, activité, données, economie, emploi, activite, pole, economique"
123,"Établissement de production d'activité économique, situé au sein d'un site économique",Troyes Champagne Métropole,https://www.data.gouv.fr/datasets/etablissement-de-production-dactivite-economique-situe-au-sein-dun-site-economique,"activite-economique,etablissements,troyes-champagne-metropole","industriel, ca, entreprise, loi, sirene, industrie, ia, commercial, tech, entreprises, production, registre, activité, siren, import, répertoire, economique, compétence, standard, économique, data, activite, croissance, données, siret, formation, pole"
122,Liste des entreprises (Base SIRENE v3) - Commune de Lorient,Ville de Lorient,https://www.data.gouv.fr/datasets/liste-des-entreprises-base-sirene-v3-commune-de-lorient,"economy,entreprises,insee,lorient,siren,sirene,siret,ville-de-lorient","ca, entreprise, loi, sirene, ia, commercial, entreprises, marque, statistique, registre, activité, siren, import, répertoire, économique, data, données, commerce, siret, formation"
121,Pôles de compétitivité en Hauts-de-France (au 01/12/2024),Région Hauts-de-France,https://www.data.gouv.fr/datasets/poles-de-competitivite-en-hauts-de-france-au-01-12-2024,"activite-economique,aisne-departement,amenagement-du-territoire,donnee-ouverte,economie,emploi,hauts-de-france-region,innovation,nord-departement,pas-de-calais-departement,pole-de-competitivite,politique-regionale,services-dutilite-publique-et-services-publics","entreprise, ca, politique, loi, compétitivité, pôle, entreprises, recherche, r&d, competitivite, economie, economique, emploi, innovation, innovant, croissance, développement, activite, formation, pole"
121,Base SIRENE au format v1 sur le territoire de m2A (plus maintenue depuis janvier 2019),Mulhouse Alsace Agglomération,https://www.data.gouv.fr/datasets/base-sirene-au-format-v1-sur-le-territoire-de-m2a-plus-maintenue-depuis-janvier-2019,"activite,economie,entreprises,insee,siren,sirene,siret","industriel, ca, entreprise, loi, sirene, industrie, ia, commercial, entreprises, statistique, registre, activité, aide, economie, siren, répertoire, secteur, économique, data, activite, données, commerce, siret, formation"
121,[Archive] Les moyens consacrés à la R&D : Les entreprises par taille,"Ministère de l'Enseignement supérieur, de la Recherche et de l'Espace",https://www.data.gouv.fr/datasets/archive-les-moyens-consacres-a-la-r-d-les-entreprises-par-taille,"developpement,economie-business-pme-developpement-economique-emploi,education-formation-recherche-enseignement,entreprise,entreprises,moyens-financiers,moyens-humains,personnels,r-d,recherche,region,regions,statistiques,taille-dentreprise","financier, formation, business, entreprise, ca, loi, statistique, r&d, données, economie, développement, usine, emploi, entreprises, data, recherche, economique, pme"
121,Les moyens consacrés à la R&D : Les administrations et les entreprises,"Ministère de l'Enseignement supérieur, de la Recherche et de l'Espace",https://www.data.gouv.fr/datasets/les-moyens-consacres-a-la-r-d-les-administrations-et-les-entreprises,"administration-gouvernement-finances-publiques-citoyennete,administrations,developpement,economie-business-pme-developpement-economique-emploi,education-formation-recherche-enseignement,entreprises,moyens-financiers,moyens-humains,organismes,organismes-de-recherche,personnels,r-d,recherche,region,regions,statistiques","financier, formation, business, entreprise, ca, loi, statistique, r&d, données, economie, développement, usine, emploi, entreprises, data, recherche, economique, pme"
120,Maturité numérique des entreprises normandes,Région Normandie,https://www.data.gouv.fr/datasets/maturite-numerique-des-entreprises-normandes,"cybersec,cycbersecurite,entreprises,geospatial,numerique,observatoire,observatoire-des-transformations-numeriques,transformations-numeriques","ca, entreprise, ia, transformation, numerique, entreprises, recherche, cloud, activité, economie, digital, secteur, innovation, data, données, inpi, numérique, développement, formation, économie"
120,Entreprises et établissements à Issy-les-Moulineaux,Ville d'Issy-les-Moulineaux,https://www.data.gouv.fr/datasets/entreprises-et-etablissements-a-issy-les-moulineaux,"business,dataviz1,developpement-economique,economie,emploi,entreprises,geolocalisation,pme","entreprise, ca, loi, sirene, ia, commercial, entreprises, business, statistique, aide, economie, siren, répertoire, economique, économique, usine, emploi, data, données, commerce, formation, pme"
120,Feuille de route des infrastructures de recherche 2018 - Les différentes implantations,"Ministère de l'Enseignement supérieur, de la Recherche et de l'Espace",https://www.data.gouv.fr/datasets/feuille-de-route-des-infrastructures-de-recherche-2018-les-differentes-implantations,"administration-gouvernement-finances-publiques-citoyennete,astronomie,astrophysique,biologie,distribuee,e-infrastructure,e-infrastructures,economie-business-pme-developpement-economique-emploi,education-formation-recherche-enseignement,energie,enseignement-superieur,etablissement,etablissements,feuille-de-route,information-scientifique-et-technique,infrastructure,infrastructure-de-recherche,infrastructures,infrastructures-de-recherche,innovation,instrument-de-leso,ist,monosite,organisation-internationale,organisations-internationales,physique-nucleaire-et-des-hautes-energies,recherche,recherche-en-sciences-du-numerique-et-mathematiques,sante,sciences-de-la-matiere-et-ingenierie,sciences-du-systeme-terre-et-de-lenvironnement,sciences-humaines-et-sociales,shs,tgir,tres-grande-infrastructure-de-recherche,tres-grandes-infrastructures-de-recherche,virtuelle","infrastructure, ca, loi, international, ia, tech, numerique, recherche, business, economie, economique, usine, emploi, innovation, data, energie, données, formation, pme"
120,Feuille de route des infrastructures de recherche 2018,"Ministère de l'Enseignement supérieur, de la Recherche et de l'Espace",https://www.data.gouv.fr/datasets/feuille-de-route-des-infrastructures-de-recherche-2018,"administration-gouvernement-finances-publiques-citoyennete,astronomie,astrophysique,biologie,distribuee,e-infrastructure,e-infrastructures,economie-business-pme-developpement-economique-emploi,education-formation-recherche-enseignement,energie,enseignement-superieur,etablissement,etablissements,feuille-de-route,information-scientifique-et-technique,infrastructure,infrastructure-de-recherche,infrastructures,infrastructures-de-recherche,innovation,instrument-de-leso,ist,monosite,organisation-internationale,organisations-internationales,physique-nucleaire-et-des-hautes-energies,recherche,recherche-en-sciences-du-numerique-et-mathematiques,sante,sciences-de-la-matiere-et-ingenierie,sciences-du-systeme-terre-et-de-lenvironnement,sciences-humaines-et-sociales,shs,tgir,tres-grande-infrastructure-de-recherche,tres-grandes-infrastructures-de-recherche,virtuelle","infrastructure, ca, loi, international, ia, tech, numerique, recherche, business, economie, economique, usine, emploi, innovation, data, energie, données, formation, pme"
120,Insertion professionnelle des diplômés de Licence professionnelle en universités et établissements assimilés - données nationales par disciplines détaillées – Enquête insertion professionnelle,"Ministère de l'Enseignement supérieur, de la Recherche et de l'Espace",https://www.data.gouv.fr/datasets/insertion-professionnelle-des-diplomes-de-licence-professionnelle-en-universites-et-etablissements-assimiles-donnees-nationales-par-disciplines-detaillees-enquete-insertion-professionnelle,"boursier,boursiers,cadre,cdi,diplome,diplomes,donnees-sexuees,economie-business-pme-developpement-economique-emploi,education-formation-recherche-enseignement,emploi,enquete-insertion-professionnelle,etablissements,insertion,insertion-professionnelle,licence-professionnelle,lp,parite,salaire,statistiques,taux-de-chomage,universite,universites","ca, loi, ia, salaire, recherche, résultat, indicateur, statistique, business, cadre, economie, economique, marché, cadres, secteur, travail, usine, emploi, données, formation, pme"
120,Insertion professionnelle des diplômés de Master en universités et établissements assimilés - données nationales par disciplines détaillées – Enquête insertion professionnelle,"Ministère de l'Enseignement supérieur, de la Recherche et de l'Espace",https://www.data.gouv.fr/datasets/insertion-professionnelle-des-diplomes-de-master-en-universites-et-etablissements-assimiles-donnees-nationales-par-disciplines-detaillees-enquete-insertion-professionnelle,"boursier,boursiers,cadre,cdi,diplome,diplomes,donnees-sexuees,economie-business-pme-developpement-economique-emploi,education-formation-recherche-enseignement,emploi,enquete-insertion-professionnelle,etablissements,insertion,insertion-professionnelle,master,parite,salaire,statistiques,taux-de-chomage,universite,universites","ca, loi, ia, salaire, recherche, résultat, indicateur, statistique, business, cadre, economie, economique, marché, cadres, secteur, travail, usine, emploi, données, formation, pme"
120,"Base Sirene des entreprises et de leurs établissements dans les Côtes d'Armor (SIREN, SIRET)",Département des Côtes d'Armor,https://www.data.gouv.fr/datasets/base-sirene-des-entreprises-et-de-leurs-etablissements-dans-les-cotes-darmor-siren-siret,"association,entreprise,etablissement,sirene,siret","formation, ca, entreprise, loi, entreprises, statistique, ia, sirene, données, entrepreneur, siren, import, commerce, siret, data, economique"
119,Emploi total - Données carroyées à 200 mètres,Région Provence-Alpes-Côte-d'Azur,https://www.data.gouv.fr/datasets/emploi-total-donnees-carroyees-a-200-metres-1,"activite,attractivite,carreau,carroyage,developpement-economique,donnees-carroyees,effectif,emploi,emploi-total,entreprise,observatoire,sfe,sirene,sud-foncier-eco,sudfonciereco,zae","activite, entreprise, ca, loi, statistique, répertoire, ia, sirene, activité, réseau, données, siren, emploi, entreprises, economique"
119,"Les personnels chercheurs en SHS des principaux organismes publics de recherche, par discipline d’activité, corps/catégorie de personnel","Ministère de l'Enseignement supérieur, de la Recherche et de l'Espace",https://www.data.gouv.fr/datasets/les-personnels-chercheurs-en-shs-des-principaux-organismes-publics-de-recherche-par-discipline-dactivite-corps-categorie-de-personnel,"charges-de-recherche,chercheurs,contractuel,contrats,cr,directeurs-de-recherche,doctorant,dr,education-formation-recherche-enseignement,emploi-scientifique,emplois-de-r-d,epst,etablissements-a-caractere-industriel-et-commercial,etablissements-publics-a-caractere-scientifique-et-technologique,fondations-reconnues-dutilite-publique,frup,institutions-sans-but-lucratif,isbl,ita,organismes,permanents,personne-physique,personnel-de-soutien,personnels,r-d,sciences-humaines-et-sociales,shs,statut,tableau-de-bord-avance,tbes","industriel, ca, loi, cadres, industrie, ia, activité, cadre, données, commercial, tech, emploi, formation, recherche"
119,Données relatives au dispositif d'activité partielle mis en oeuvre dans le cadre de l'épidémie de COVID-19,Etalab,https://www.data.gouv.fr/datasets/donnees-relatives-au-dispositif-dactivite-partielle-mis-en-oeuvre-dans-le-cadre-de-lepidemie-de-covid-19,"activite,activite-economique-emploi,activite-partielle,covid19,salaries,travail","entreprise, ca, politique, loi, tech, numerique, salaire, entreprises, activité, cadre, aide, economique, travail, économique, emploi, data, données, numérique, activite, formation"
119,Base SIRENE des entreprises de Haute-Garonne,Région Occitanie / Pyrénées Méditerranée,https://www.data.gouv.fr/datasets/base-sirene-des-entreprises-de-haute-garonne-1,"entreprises,insee,siren,sirene,siret,territoire","formation, entreprise, ca, loi, entreprises, statistique, ia, registre, répertoire, aide, sirene, données, commercial, siren, économique, commerce, siret, data"
119,Base SIRENE des entreprises des Hautes-Pyrénées,Région Occitanie / Pyrénées Méditerranée,https://www.data.gouv.fr/datasets/base-sirene-des-entreprises-des-hautes-pyrenees,"entreprises,siren,sirene,siret,territoire","formation, entreprise, ca, loi, entreprises, statistique, ia, registre, répertoire, aide, sirene, données, commercial, siren, économique, commerce, siret, data"
119,Registre du commerce et des sociétés - Statistiques Immatriculations en 2018 - Loiret,Orléans Métropole,https://www.data.gouv.fr/datasets/registre-du-commerce-et-des-societes-statistiques-immatriculations-en-2018-loiret,"economie,economie-business-pme-developpement-economique-emploi,entreprises,greffes,immatriculations,rcs,societe,statistiques","business, entreprise, societe, loi, statistique, commerce, registre, société, economie, rcs, usine, emploi, entreprises, economique, pme"
119,Activités économiques de Picardie - établissements (2012),Géo2France,https://www.data.gouv.fr/datasets/activites-economiques-de-picardie-etablissements-2012,"activite-commerciale,activite-economique,activite-industrielle,commerces,entreprise,etablissement-industriel-batiment,industries,lieux-de-production-et-sites-industriels,picardie,services","production, industriel, ca, entreprise, sirene, industrie, ia, activité, pôle, données, commercial, siren, économique, commerce, activite, economique"
118,Données relatives au fonds de solidarité mis en place dans le cadre de l'épidémie de COVID-19,Etalab,https://www.data.gouv.fr/datasets/donnees-relatives-au-fonds-de-solidarite-mis-en-place-dans-le-cadre-de-lepidemie-de-covid-19,"aides-aux-entreprises,coronavirus,covid-19,covid19,entreprise,entreprise-artisanales,entreprises,fond-de-solidarite,pme,tpe","ca, entreprise, sirene, ia, entrepreneur, tech, numerique, entreprises, tpe, statistique, activité, cadre, aide, siren, economique, secteur, data, activite, données, numérique, siret, formation, pme"
118,Emplois au lieu de travail par secteur d'activités à Angers Loire Métropole en 2007 et 2012,Région des Pays de la Loire,https://www.data.gouv.fr/datasets/emplois-au-lieu-de-travail-par-secteur-dactivites-a-angers-loire-metropole-en-2007-et-2012-1,"economie-europe,emploi,secteurs-dactivite","industriel, loi, secteur, industrie, ia, travail, commerce, activité, données, economie, emploi, activite, pole"
118,ECONOMIE - Base_Sirene_v3,Commune de Brocas,https://www.data.gouv.fr/datasets/economie-base-sirene-v3,"business,economic-development,economy,employment,entreprises,etablissements,legale,siren,sirene,siret,sme","ca, entreprise, loi, sirene, ia, commercial, entreprises, recherche, business, statistique, aide, economie, siren, répertoire, économique, usine, données, commerce, siret, formation, pme"
118,Base Sirene des entreprises et de leurs établissements v3 ß,Région Île-de-France,https://www.data.gouv.fr/datasets/base-sirene-des-entreprises-et-de-leurs-etablissements-v3-ss,"economie,entreprises,geolocalisation,vie-economique-innovation","ca, entreprise, loi, sirene, ia, commercial, entreprises, recherche, statistique, aide, economie, siren, répertoire, economique, économique, innovation, données, commerce, siret, formation"
118,Base SIRENE V3 consolidée,Fleury-sur-Orne,https://www.data.gouv.fr/datasets/base-sirene-v3-consolidee,"economie-business-pme-developpement-economique-emploi,entreprise,etablissement,sirene,unite-legale","entreprise, ca, loi, sirene, ia, commercial, entreprises, business, statistique, activité, economie, siren, import, répertoire, economique, économique, usine, emploi, données, commerce, formation, pme"
118,Lauréats des appels à projets d'Economie Sociale et Solidaire (ESS),Département des Hauts-de-Seine,https://www.data.gouv.fr/datasets/laureats-des-appels-a-projets-deconomie-sociale-et-solidaire-ess,"economie-emploi,economie-sociale-et-solidaire,entreprises,ess,innovations,laureats,projets","entreprise, ca, politique, loi, ia, entreprises, subvention, financier, cloud, cadre, aide, economie, cadres, secteur, économique, emploi, investissement, innovation, données, développement, commerce, économie"
117,"Les moyens consacrés à la R&D : Les entreprises par région, taille et intensité technologique","Ministère de l'Enseignement supérieur, de la Recherche et de l'Espace",https://www.data.gouv.fr/datasets/les-moyens-consacres-a-la-r-d-les-entreprises-par-region-taille-et-intensite-technologique,"developpement,dirde,education-formation-recherche-enseignement,entreprises,intensite-technologique,moyens-financiers,moyens-humains,moyens-r-d,r-d,recherche,region,regions,regions-2016,taille","résultat, financier, indicateur, entreprise, ca, statistique, r&d, ia, données, tech, développement, entreprises, formation, recherche"
117,Base Insee SIREN des entreprises et établissements - Ville de Clermont-Ferrand,Clermont Auvergne Métropole,https://www.data.gouv.fr/datasets/base-insee-siren-des-entreprises-et-etablissements-ville-de-clermont-ferrand,"economie-recherche,entreprise,etablissement,sirene,siret","ca, entreprise, loi, sirene, ia, commercial, entreprises, recherche, marque, statistique, registre, activité, economie, siren, import, répertoire, économique, data, données, commerce, siret, formation"
117,"Indicateurs incidence SRADDET : Démographie, équilibre et attractivités des territoires",Région Provence-Alpes-Côte-d'Azur,https://www.data.gouv.fr/datasets/indicateurs-incidence-sraddet-demographie-equilibre-et-attractivites-des-territoires,"4g,attractivite,demographie,emploi,enseignement-superieur,equipement,equipement-publics,equipement-sportif,etablissements-publics-d-enseignement,famille,formation,ftth,indice-de-vieillissement,niveau-de-vie,population,revenu,revenu-median,sraddet,taux-de-chomage,taux-de-dependance-economique,taux-de-pauvrete,taux-devolution-annuel","ca, loi, international, ia, recherche, indicateur, activité, cadre, economique, brevet, cadres, travail, fibre, économique, emploi, innovation, données, inpi, développement, activite, formation"
117,[Archive]Base Sirene (v3) des établissements actifs en Région Centre-Val de Loire,Région Centre-Val de Loire,https://www.data.gouv.fr/datasets/archive-base-sirene-v3-des-etablissements-actifs-en-region-centre-val-de-loire,"archive,commune,economie-europe,entreprises,epci,etablissements,insee,legale,siren,sirene,siret","entreprise, ca, loi, sirene, ia, commercial, entreprises, recherche, statistique, registre, aide, economie, siren, répertoire, économique, data, données, commerce, siret, formation"
117,Base SIRENE des entreprises d'Orvault,Nantes Métropole,https://www.data.gouv.fr/datasets/base-sirene-des-entreprises-dorvault,"economie-europe,entreprise,insse,sirene","entreprise, ca, loi, sirene, ia, commercial, entreprises, marque, statistique, registre, activité, economie, siren, import, répertoire, économique, data, données, commerce, formation"
117,Emploi par commune - indicateur_2015,Région Provence-Alpes-Côte-d'Azur,https://www.data.gouv.fr/datasets/emploi-par-commune-indicateur-2015,"commune,emploi,fonction,insee,notre-territoire,observatoire-territorial,travail","ca, entreprise, loi, ia, qualification, entreprises, recherche, indicateur, statistique, activité, cadre, cadres, secteur, travail, emploi, data, données, commerce, formation"
116,BDTOPO© - Points d'activités ou d'intérêt industriel ou commercial pour le département de l'Indre,,https://www.data.gouv.fr/datasets/bdtopo-c-points-dactivites-ou-dinteret-industriel-ou-commercial-pour-le-departement-de-lindre,"administration,altitude,aspects-militaires,batiments,bdtopo-c-36-indre,demographie,denominations-geographiques,eau,energie,geographie,hydrographie,indre,industrie,information,installations-agricoles-et-aquacoles,lieux-de-production-et-sites-industriels,occupation-des-terres,referentiels-de-coordonnees,repartition-de-la-population,repartition-de-la-population-demographie,reseaux-de-transport,services-dutilite-publique-et-services-publiques,sols,transport,unites-administratives,usage-des-sols","production, marché, industriel, infrastructure, energie, industrie, ia, énergie, activité, réseau, numérique, commercial, reseau, activite, formation"
116,BDTOPO© - Points d'activité ou d'intérêt industriel ou commercial pour le département du Cher,,https://www.data.gouv.fr/datasets/bdtopo-c-points-dactivite-ou-dinteret-industriel-ou-commercial-pour-le-departement-du-cher,"administration,altitude,aspects-militaires,batiments,bdtopo-c-18-cher,cher,demographie,denominations-geographiques,eau,energie,geographie,hydrographie,industrie,information,installations-agricoles-et-aquacoles,lieux-de-production-et-sites-industriels,occupation-des-terres,referentiels-de-coordonnees,repartition-de-la-population,repartition-de-la-population-demographie,reseaux-de-transport,services-dutilite-publique-et-services-publics,services-dutilite-publique-et-services-publiques,sols,transport,unites-administratives,usage-des-sols","production, marché, industriel, infrastructure, energie, industrie, ia, énergie, activité, réseau, numérique, commercial, reseau, activite, formation"
115,Périmètres des espaces d'activités économiques de Provence-Alpes-Côte d'Azur 2024,Région Provence-Alpes-Côte-d'Azur,https://www.data.gouv.fr/datasets/perimetres-des-espaces-d-activites-economiques-de-provence-alpes-cote-d-azur-2024,"activite-economique,categorie-socioprofessionelle,csp,developpement-economique,eae,emploi,emploi-de-heute-technologie,espaces-dactivites-economiques,etablissement,foncier-economique,forte-intensite-de-conniassance,observatoire,sfe,sud-foncier-eco,sudfonciereco,surface,valeur-ajoutee,zae,zone,zone-industrielle","industriel, technologie, ca, indicateur, loi, industrie, ia, travail, commerce, activité, réseau, cadre, tech, développement, économique, emploi, activite, economique"
115,Données des Points Techniques avec identifiant du propriétaire et du gestionnaire en phase DOE sur les opérations FTTH de déploiement de Fibre Optique,Syndicat Mixte Ouvert Provence-Alpes-Cote d'Azur Très Haut Débit - SMO SUD THD,https://www.data.gouv.fr/datasets/smo-ftth-doe-ptech,"ant,chambre,collecte,fibre-optique,ftth,gracethd,poteau,rip","infrastructure, ca, entreprise, loi, ia, réseau, propriété, tech, résultat, technologie, activité, siren, secteur, standard, fibre, levée, export, données, siret, formation"
115,Données des Points Techniques avec identifiant du propriétaire et du gestionnaire en phase DOE sur les opérations Montée en Débit pour le déploiement de la Fibre Optique.,Syndicat Mixte Ouvert Provence-Alpes-Cote d'Azur Très Haut Débit - SMO SUD THD,https://www.data.gouv.fr/datasets/smo-med-doe-ptech,"ant,chambre,collecte,fibre-optique,gracethd,poteau,rip","infrastructure, ca, entreprise, loi, ia, réseau, propriété, tech, résultat, technologie, activité, siren, secteur, standard, fibre, levée, export, données, siret, formation"
115,"Données des Points Techniques avec identifiant du propriétaire et du gestionnaire en phase DOE sur les opérations Collecte, Montée en débit et FTTH de déploiement de Fibre.",Syndicat Mixte Ouvert Provence-Alpes-Cote d'Azur Très Haut Débit - SMO SUD THD,https://www.data.gouv.fr/datasets/smo-ptech20190701,"ant,chambre,collecte,fibre-optique,gracethd,poteau,rip","infrastructure, ca, entreprise, loi, ia, réseau, propriété, tech, résultat, technologie, activité, siren, secteur, standard, fibre, levée, export, données, siret, formation"
115,Projet de loi de financement de la Sécurité sociale – Données des Rapports d'évaluation des politiques de sécurité sociale (REPSS),Ministère des Solidarités et de la Santé,https://www.data.gouv.fr/datasets/projet-de-loi-de-financement-de-la-securite-sociale-donnees-des-rapports-devaluation-des-politiques-de-securite-sociale-repss,"accident-travail,cnaf,cnam,cnav,drees,efficience,evaluation,famille,femmes-hommes,finances-publiques,handicap,insee,jeunes,loi-de-financement-de-la-securite-sociale,maladie,msa,performance-publique,plfss,politiques,pqe,qualite,rapport-devaluation-des-politiques-de-securite-sociale,repss,retraites,sante,securite-sociale","résultat, indicateur, politique, ca, loi, ia, travail, aide, données, économique, performance, financement"
115,"Les moyens consacrés à la R&D : Les entreprises par région, taille et intensité technologique",Région Occitanie / Pyrénées Méditerranée,https://www.data.gouv.fr/datasets/les-moyens-consacres-a-la-r-d-les-entreprises-par-region-taille-et-intensite-technologique-1,"attractivite-et-innovation,developpement,entreprise,moyen,recherche,technologie","résultat, financier, formation, technologie, ca, entreprise, indicateur, entreprises, statistique, ia, r&d, données, tech, développement, innovation, data, recherche, activite"
114,Capital immatériel et innovation territoriale - Europe 2019,Groupe BPCE,https://www.data.gouv.fr/datasets/capital-immateriel-et-innovation-territoriale-europe-2019,"capital,economie,economie-locale,etudes,europe,immateriel,innovation,territoire","capital, entreprise, ca, loi, ia, entrepreneur, tech, entreprises, recherche, internet, r&d, economie, économique, emploi, investissement, innovation, données, numérique, développement"
114,Capital immatériel et innovation territoriale - France 2019,Groupe BPCE,https://www.data.gouv.fr/datasets/capital-immateriel-et-innovation-territoriale-france-2019,"capital,economie,economie-locale,etudes,france,immateriel,innovation,territoire","capital, entreprise, ca, loi, ia, entrepreneur, tech, entreprises, recherche, internet, r&d, economie, économique, emploi, investissement, innovation, données, numérique, développement"
114,Capital immatériel et innovation territorial - BPVF,Groupe BPCE,https://www.data.gouv.fr/datasets/capital-immateriel-et-innovation-territorial-bpvf,"banque-populaire-val-de-france,capital,economie,economie-locale,etudes,france,immateriel,innovation,territoire","capital, entreprise, ca, loi, ia, entrepreneur, tech, entreprises, recherche, internet, r&d, economie, économique, emploi, investissement, innovation, données, numérique, développement"
114,Aides aux entreprises dans le cadre de l'épidémie de COVID-19 en Corse,Collectivité de Corse,https://www.data.gouv.fr/datasets/aides-aux-entreprises-dans-le-cadre-de-lepidemie-de-covid-19-en-corse,"coronavirus,covid19,economie-entreprise,entreprise,fonds,pme,solidarite,subvention,tpe","formation, ca, entreprise, tpe, secteur, sirene, ia, activité, cadre, aide, données, entrepreneur, economie, siren, entreprises, data, subvention, pme"
114,Aides aux entreprises dans le cadre de l'épidémie de COVID-19 en Bretagne,Région Bretagne,https://www.data.gouv.fr/datasets/aides-aux-entreprises-dans-le-cadre-de-lepidemie-de-covid-19-en-bretagne,"coronavirus,covid19,economie,entreprise,fonds,pme,solidarite,subvention,tpe","formation, ca, entreprise, tpe, secteur, sirene, ia, activité, cadre, aide, données, entrepreneur, economie, siren, entreprises, data, subvention, pme"
114,Base Sirene v1,Département des Hauts-de-Seine,https://www.data.gouv.fr/datasets/base-sirene-v1,"economie-emploi,entreprises,insee,siren,sirene,siret","entreprise, ca, loi, sirene, ia, commercial, entreprises, statistique, registre, aide, economie, siren, répertoire, économique, emploi, data, données, commerce, siret, formation"
114,Principaux diplômes et formations préparés dans les établissements publics sous tutelle du ministère en charge de l'Enseignement supérieur,"Ministère de l'Enseignement supérieur, de la Recherche et de l'Espace",https://www.data.gouv.fr/datasets/principaux-diplomes-et-formations-prepares-dans-les-etablissements-publics-sous-tutelle-du-ministere-en-charge-de-lenseignement-superieur,"administration-gouvernement-finances-publiques-citoyennete,amenagement-du-territoire-urbanisme-batiments-equipements-logement,attestation-de-formation-specialisee,attestation-de-formation-specialisee-approfondie,attestation-detudes-approfondies-en-chirurgie-dentaire,autres-diplomes-nationaux-niveau-de-formation-bac,bachelor-universitaire-de-technologie,but,capacite-de-medecine,capacite-en-droit,certificat-de-capacite-dorthophoniste,certificat-de-capacite-dorthoptiste,certificat-detudes-cliniques-specialisees-mention-orthodontie,certificat-detudes-superieures-en-chirurgie-dentaire,certificat-detudes-superieures-en-chirurgie-dentaire-a,certificat-detudes-superieures-en-chirurgie-dentaire-b,cpge-integree-a-luniversite,diplome,diplome-de-formation-medicale-specialisee-approfondie,diplome-detat-daudioprothesiste,diplome-detat-de-docteur-en-chirurgie-dentaire,diplome-detat-de-docteur-en-medecine,diplome-detat-de-docteur-en-pharmacie,diplome-detat-de-manipulateur-delectroradiologie-medicale,diplome-detat-de-masseur-kinesitherapeute,diplome-detat-de-pedicure-podologue,diplome-detat-de-psychomotricien,diplome-detat-de-sage-femme-maieutique,diplome-detat-dergotherapeute,diplome-detat-dinfirmier-anesthesiste,diplome-detudes-specialisees-complementaires-biologie-medicale,diplome-detudes-specialisees-complementaires-medecine,diplome-detudes-specialisees-complementaires-medecine-groupe-1,diplome-detudes-specialisees-complementaires-medecine-groupe-2,diplome-detudes-specialisees-de-medecine,diplome-detudes-specialisees-de-pharmacie,diplome-detudes-specialisees-dodontologie,diplome-dingenieur-conjoint,diplome-dinstitut-detudes-politiques,diplome-interuniversitaire-de-specialisation-de-medecine,diplome-universitaire-de-technologie,diplomes,diplomes-de-formation-medicale-specialisee,diu,doctorat-duniversite,donnees-sexuees,ecole-dingenieur,ecoles-dingenieurs,economie-business-pme-developpement-economique-emploi,education,education-formation-recherche-enseignement,etudiants,formation,formation-dingenieur-classique,formation-dingenieur-en-partenariat,formation-dingenieur-specialisee,formations,formations-de-sante,habilitation-a-diriger-des-recherches,inscription,inscriptions,inscrit,inscrits,licence-lmd,licence-professionnelle,liste,maitrise-de-sciences-biologiques-et-medicales,maitrise-de-sciences-biologiques-et-medicales-c2,master-enseignement,master-lmd,pluripass,premiere-annee-commune-aux-etudes-de-sante,qualification-en-medecine-generale,sise,statistique,statistiques,universites","politique, ca, loi, ia, qualification, tech, recherche, technologie, statistique, business, cadre, economie, economique, usine, emploi, data, données, formation, pme"
114,Table contenant les assiettes linéaires liées aux servitudes de la catégorie PT3 (propriétés privées instituées au bénéfice des exploitants de réseaux de télécommunication) dans le Haut-Rhin,Direction Départementale des Territoires du Haut-Rhin (68),https://www.data.gouv.fr/datasets/table-contenant-les-assiettes-lineaires-liees-aux-servitudes-de-la-categorie-pt3-proprietes-privees-instituees-au-benefice-des-exploitants-de-reseaux-de-telecommunication-dans-le-haut-rhin-2,"amenagement,amenagement-urbanisme-assiette-servitude,donnees-ouvertes,propriete-privee,reseau-de-telecommunication,servitude-dutilite-publique,sup,urbanisme,zones-de-gestion-de-restriction-ou-de-reglementation-et-unites-de-declaration","telecommunication, entreprise, ca, loi, ia, réseau, rh, propriété, reglementation, bénéfice, reseau, télécommunication"
114,Table contenant les assiettes linéaires liées aux servitudes de la catégorie PT3 (propriétés privées instituées au bénéfice des exploitants de réseaux de télécommunication) dans le Haut-Rhin,Direction Départementale des Territoires du Haut-Rhin (68),https://www.data.gouv.fr/datasets/table-contenant-les-assiettes-lineaires-liees-aux-servitudes-de-la-categorie-pt3-proprietes-privees-instituees-au-benefice-des-exploitants-de-reseaux-de-telecommunication-dans-le-haut-rhin-1,"amenagement,amenagement-urbanisme-assiette-servitude,donnees-ouvertes,propriete-privee,reseau-de-telecommunication,servitude-dutilite-publique,sup,urbanisme,zones-de-gestion-de-restriction-ou-de-reglementation-et-unites-de-declaration","telecommunication, entreprise, ca, loi, ia, réseau, rh, propriété, reglementation, bénéfice, reseau, télécommunication"
114,Activités économiques de Picardie - sites (2012),Géo2France,https://www.data.gouv.fr/datasets/activites-economiques-de-picardie-sites-2012,"activite-commerciale,activite-economique,activite-industrielle,commerces,industries,lieux-de-production-et-sites-industriels,picardie,services,site-industriel,zone-industrielle","production, industriel, ca, sirene, industrie, ia, travail, activité, pôle, données, commercial, siren, économique, commerce, activite, economique"
