Agryco,https://www.agryco.com/
Alan,https://alan.com/
Alice & Bob,https://alice-bob.com/
BackMarket,https://www.backmarket.fr/fr-fr
BlaBlaCar,https://www.blablacar.fr/
Brevo,https://www.brevo.com/fr/landing/products/?utm_source=bingads_brand&utm_medium=lastclick&utm_content=SendinBlue&utm_extension=&utm_term=brevo&utm_matchtype=e&utm_campaign=662242203&utm_network=s&km_adid=&km_adposition=&km_device=c&utm_adgroupid=1317217214115188&msclkid=03ef83fe3945173eaadeebbe5f246b35
Chapsvision,https://www.chapsvision.fr/
ClubFunding,https://www.clubfunding.eu/
Contentsquare,https://contentsquare.com/fr-fr/
Descartes Underwriting,https://descartesunderwriting.com/
Doctolib,https://www.doctolib.fr/
Ecovadis,https://ecovadis.com/fr/
Ekwateur,https://ekwateur.fr/
Electra,https://www.go-electra.com/fr/
Equativ,https://equativ.com/fr/
Exotec,https://www.exotec.com/fr/
Flying Whales,https://www.flying-whales.com/
Gojob,https://gojob.com/
HOMA,https://www.homagames.com/games
Innovafeed,https://innovafeed.com/
Ledger,https://www.ledger.com/fr
LeHibou,https://www.lehibou.com/?action=login
Malt,https://www.malt.fr/
Mirakl,https://www.mirakl.com/fr-FR
Mistertempâ€™ group,https://www.mistertemp-group.com/
Mistral AI,https://mistral.ai/fr/
NW,https://www.nw-groupe.com/fr/
PayFit,https://payfit.com/fr/
Pennylane,https://www.pennylane.com/fr/
Pigment,https://www.pigment.com/fr
Qair,https://www.qair.energy/
Qonto,https://qonto.com/fr
Spendesk,https://www.spendesk.com/fr/
Swile,https://www.swile.co/fr-fr
Verkor,https://verkor.com/
Vestiaire Collective,https://fr.vestiairecollective.com/
Voodoo,https://www.voodoo.io/
Weezevent,https://weezevent.com/fr/
Worldia,https://www.worldia.fr/destinations
Zeplug,https://www.zeplug.com/
52 Entertainment,https://52-entertainment.com/
360 learning,https://360learning.com/fr/
Acheel,https://www.acheel.com/
Adikteev,https://www.adikteev.com/
Agicap,https://agicap.com/fr/
Akeneo,https://www.akeneo.com/fr/
AKUR8,https://fr.akur8.com/
Alma,https://almapay.com/fr-FR
Aqemia,https://www.aqemia.com/
Bioptimus,https://www.bioptimus.com/
Braincube,https://fr.braincube.com/
Brut.,https://www.brut.media/fr
Bump,https://www.bump-charge.com/
CertiDeal,https://certideal.com/
Chargemap,https://fr.chargemap.com/
CorWave,https://www.corwave.com/fr/
Deepki,https://www.deepki.com/fr/
Driiveme,https://www.driiveme.com/
Ekimetrics,https://ekimetrics.com/fr/
ElicitPlant,https://www.elicit-plant.com/fr/
Energy Pool,https://energy-pool.com/fr/
Exotrail,https://www.exotrail.com/
FAIRMAT,https://www.fairmat.tech/
Filigran,https://filigran.io/
Flowdesk,https://www.flowdesk.co/
Foodles,https://www.foodles.com/
FREELANCEREPUBLIK,https://www.freelancerepublik.com/
Gleamer,https://www.gleamer.ai/
GravitHy,https://gravithy.eu/fr/
Greenly,https://greenly.earth/fr-fr/bilan-carbone
Groupe positive,https://www.groupe-positive.com/
H,https://www.hcompany.ai/
HelloCSE,https://www.hellocse.fr/
ImCheck Therapeutics,https://www.imchecktherapeutics.com/
iSupplier,https://www.isupplier.fr/
ITEN,https://www.iten.com/fr
Kiln,https://www.kiln.fi/
La Belle Vie,https://www.labellevie.com/
La Fourche,https://lafourche.fr/
Le Collectionist,https://www.lecollectionist.com/fr
Libon,https://www.libon.com/
Locala,https://asklocala.com/fr/locala-paris-fr/
Madbox,https://madbox.io/
Matawan,https://matawan-mobility.com/
Medadom,https://www.medadom.com/
Metron,https://www.metron.energy/fr/
Moon surgical,https://www.moonsurgical.com/
MWM,https://www.mwm.io/
Mylight150,https://mylight150.com/
Odaseva,https://www.odaseva.com/
Opteamis,https://www.opteamis.com/
Ornikar,https://www.ornikar.com/
OuiHelp,https://www.ouihelp.fr/
Papernest,https://www.papernest.com/
Pasqal,https://www.pasqal.com/
Pixmania,https://www.pixmania.com/fr/fr/
Planity,https://www.planity.com/
Platform.sh,https://platform.sh/
Resilience,https://www.resilience.care/
Sekoia,https://www.sekoia.io/fr/homepage/
Seyna,https://www.seyna.eu/fr
Shares,https://shares.io/fr-fr
Shift Technology,https://www.shift-technology.com/fr/
Shippeo,https://www.shippeo.com/fr
SparingVision,https://sparingvision.com/
Stockly,https://www.stockly.ai/
Stych,https://www.stych.fr/?msclkid=b54775ad9dc8197a18521dedef043d98
Superprof,https://www.superprof.fr/
Swan,https://fr.swan.io/
Sweep,https://www.sweep.net/fr
Tissium,https://tissium.com/
TSE,https://www.tse.energy/
Ultra Premium Direct,https://www.ultrapremiumdirect.com/?utm_source=bing&utm_source=bing&utm_medium=cpc&utm_medium=cpc&utm_campaign=M+-+UPD&utm_campaign=M+-+UPD&msclkid=ab2631be8b52171b301d59fef8d2d01c&utm_term=ultrapremiumdirect.com&utm_content=UPD+-+Exact&gad_source=7&gclid=COG-2ZSX2I0DFYNuFQgd4TEyBw
Umiami,https://umiami.com/fr/accueil/
Unseenlabs,https://unseenlabs.space/
Veesion,https://veesion.io/
Voltalis,https://www.voltalis.com/
Waat,https://waat.fr/
Wandercraft,https://www.wandercraft.eu/
Yubo,https://www.yubo.live/fr